131410146,SMA-12-IPS1-2016
141510002,SMA-12-IPA4-2016
141510003,SMA-12-IPA2-2016
141510004,SMA-12-IPA3-2016
141510005,SMA-12-IPA3-2016
141510006,SMA-12-IPA4-2016
141510008,SMA-12-IPA1-2016
141510009,SMA-12-IPA4-2016
141510010,SMA-12-IPA1-2016
141510011,SMA-12-IPA5-2016
141510012,SMA-12-IPA5-2016
141510013,SMA-12-IPA5-2016
141510014,SMA-12-IPA5-2016
141510015,SMA-12-IPA2-2016
141510016,SMA-12-IPA3-2016
141510017,SMA-12-IPA5-2016
141510018,SMA-12-IPS2-2016
141510019,SMA-12-IPA1-2016
141510020,SMA-12-IPA1-2016
141510021,SMA-12-IPA2-2016
141510022,SMA-12-IPA2-2016
141510023,SMA-12-IPA1-2016
141510024,SMA-12-IPA3-2016
141510025,SMA-12-IPA3-2016
141510026,SMA-12-IPA3-2016
141510027,SMA-12-IPA2-2016
141510028,SMA-12-IPA1-2016
141510029,SMA-12-IPA1-2016
141510030,SMA-12-IPA1-2016
141510031,SMA-12-IPA2-2016
141510033,SMA-12-IPA4-2016
141510034,SMA-12-IPA2-2016
141510035,SMA-12-IPA4-2016
141510036,SMA-12-IPA1-2016
141510037,SMA-12-IPA2-2016
141510038,SMA-12-IPA2-2016
141510039,SMA-12-IPA1-2016
141510040,SMA-12-IPA2-2016
141510041,SMA-12-IPA3-2016
141510042,SMA-12-IPA4-2016
141510043,SMA-12-IPA4-2016
141510044,SMA-12-IPA1-2016
141510045,SMA-12-IPA2-2016
141510046,SMA-12-IPA4-2016
141510047,SMA-12-IPS3-2016
141510048,SMA-12-IPA4-2016
141510050,SMA-12-IPA4-2016
141510051,SMA-12-IPA2-2016
141510052,SMA-12-IPA4-2016
141510053,SMA-12-IPA1-2016
141510054,SMA-12-IPA1-2016
141510055,SMA-12-IPA1-2016
141510056,SMA-12-IPA1-2016
141510057,SMA-12-IPA1-2016
141510059,SMA-12-IPA5-2016
141510060,SMA-12-IPA1-2016
141510061,SMA-12-IPA1-2016
141510062,SMA-12-IPA3-2016
141510063,SMA-12-IPA3-2016
141510065,SMA-12-IPA5-2016
141510066,SMA-12-IPA4-2016
141510067,SMA-12-IPA3-2016
141510068,SMA-12-IPA3-2016
141510069,SMA-12-IPA5-2016
141510070,SMA-12-IPA5-2016
141510071,SMA-12-IPA1-2016
141510072,SMA-12-IPA1-2016
141510074,SMA-12-IPA2-2016
141510075,SMA-12-IPA5-2016
141510076,SMA-12-IPA1-2016
141510077,SMA-12-IPA4-2016
141510078,SMA-12-IPA5-2016
141510079,SMA-12-IPA1-2016
141510080,SMA-12-IPA5-2016
141510081,SMA-12-IPA4-2016
141510082,SMA-12-IPA1-2016
141510083,SMA-12-IPA2-2016
141510084,SMA-12-IPA5-2016
141510085,SMA-12-IPA2-2016
141510086,SMA-12-IPS3-2016
141510087,SMA-12-IPA5-2016
141510088,SMA-12-IPA1-2016
141510089,SMA-12-IPA1-2016
141510090,SMA-12-IPA5-2016
141510091,SMA-12-IPA4-2016
141510092,SMA-12-IPA3-2016
141510093,SMA-12-IPA3-2016
141510094,SMA-12-IPA4-2016
141510095,SMA-12-IPA2-2016
141510096,SMA-12-IPA2-2016
141510097,SMA-12-IPA3-2016
141510099,SMA-12-IPA5-2016
141510100,SMA-12-IPA2-2016
141510101,SMA-12-IPA3-2016
141510102,SMA-12-IPA1-2016
141510103,SMA-12-IPA3-2016
141510104,SMA-12-IPA1-2016
141510105,SMA-12-IPA3-2016
141510106,SMA-12-IPA3-2016
141510107,SMA-12-IPA3-2016
141510108,SMA-12-IPA2-2016
141510109,SMA-12-IPA3-2016
141510110,SMA-12-IPA3-2016
141510111,SMA-12-IPA5-2016
141510112,SMA-12-IPA3-2016
141510113,SMA-12-IPA2-2016
141510114,SMA-12-IPA3-2016
141510115,SMA-12-IPA4-2016
141510116,SMA-12-IPA3-2016
141510117,SMA-12-IPA1-2016
141510119,SMA-12-IPS2-2016
141510121,SMA-12-IPA3-2016
141510122,SMA-12-IPA2-2016
141510123,SMA-12-IPA2-2016
141510125,SMA-12-IPA4-2016
141510126,SMA-12-IPA4-2016
141510127,SMA-12-IPA1-2016
141510128,SMA-12-IPA3-2016
141510130,SMA-12-IPA3-2016
141510131,SMA-12-IPA3-2016
141510132,SMA-12-IPA4-2016
141510133,SMA-12-IPA3-2016
141510134,SMA-12-IPA3-2016
141510135,SMA-12-IPA5-2016
141510136,SMA-12-IPA5-2016
141510137,SMA-12-IPA5-2016
141510138,SMA-12-IPA4-2016
141510139,SMA-12-IPA3-2016
141510140,SMA-12-IPA4-2016
141510141,SMA-12-IPA2-2016
141510142,SMA-12-IPA1-2016
141510143,SMA-12-IPA5-2016
141510144,SMA-12-IPA2-2016
141510145,SMA-12-IPA5-2016
141510146,SMA-12-IPA3-2016
141510147,SMA-12-IPA5-2016
141510148,SMA-12-IPA5-2016
141510149,SMA-12-IPA4-2016
141510150,SMA-12-IPA2-2016
141510151,SMA-12-IPA5-2016
141510152,SMA-12-IPA3-2016
141510153,SMA-12-IPA3-2016
141510154,SMA-12-IPA5-2016
141510155,SMA-12-IPA2-2016
141510156,SMA-12-IPA5-2016
141510157,SMA-12-IPA2-2016
141510158,SMA-12-IPA5-2016
141510159,SMA-12-IPA5-2016
141510160,SMA-12-IPA5-2016
141510161,SMA-12-IPA2-2016
141510162,SMA-12-IPA3-2016
141510163,SMA-12-IPA3-2016
141510164,SMA-12-IPA4-2016
141510165,SMA-12-IPA5-2016
141510166,SMA-12-IPA2-2016
141510167,SMA-12-IPA5-2016
141510168,SMA-12-IPA2-2016
141510169,SMA-12-IPA4-2016
141510170,SMA-12-IPA4-2016
141510171,SMA-12-IPA4-2016
141510172,SMA-12-IPA1-2016
141510173,SMA-12-IPA2-2016
141510174,SMA-12-IPA4-2016
141510175,SMA-12-IPA1-2016
141510176,SMA-12-IPA2-2016
141510177,SMA-12-IPA1-2016
141510178,SMA-12-IPA2-2016
141510179,SMA-12-IPA4-2016
141510180,SMA-12-IPA2-2016
141510181,SMA-12-IPA5-2016
141510182,SMA-12-IPA4-2016
141510183,SMA-12-IPA4-2016
141510184,SMA-12-IPA2-2016
141510186,SMA-12-IPA1-2016
141510187,SMA-12-IPA1-2016
141510189,SMA-12-IPA1-2016
141510190,SMA-12-IPA4-2016
141510191,SMA-12-IPA1-2016
141510192,SMA-12-IPA4-2016
141510193,SMA-12-IPA5-2016
141510194,SMA-12-IPA3-2016
141510195,SMA-12-IPA2-2016
141510196,SMA-12-IPA4-2016
141510197,SMA-12-IPA1-2016
141510198,SMA-12-IPA3-2016
141510200,SMA-12-IPA5-2016
141510201,SMA-12-IPA3-2016
141510202,SMA-12-IPA4-2016
141510203,SMA-12-IPA5-2016
141510205,SMA-12-IPA4-2016
141510206,SMA-12-IPA1-2016
141510207,SMA-12-IPA5-2016
141510208,SMA-12-IPA4-2016
141510209,SMA-12-IPA5-2016
141510210,SMA-12-IPA2-2016
141510211,SMA-12-IPA3-2016
141510212,SMA-12-IPA2-2016
141510213,SMA-12-IPA4-2016
141510214,SMA-12-IPA1-2016
141510215,SMA-12-IPA1-2016
141510216,SMA-12-IPA4-2016
141510217,SMA-12-IPA2-2016
141510218,SMA-12-IPA5-2016
141510219,SMA-12-IPA2-2016
141510220,SMA-12-IPA1-2016
141510222,SMA-12-IPA2-2016
141510222,SMA-12-IPA4-2016
141510223,SMA-12-IPA1-2016
141510224,SMA-12-IPA2-2016
141510225,SMA-12-IPA3-2016
141510226,SMA-12-IPA2-2016
141510227,SMA-12-IPA4-2016
141510228,SMA-12-IPA5-2016
141510229,SMA-12-IPA4-2016
141510230,SMA-12-IPS4-2016
141510231,SMA-12-IPS3-2016
141510232,SMA-12-IPS2-2016
141510233,SMA-12-IPS3-2016
141510234,SMA-12-IPA5-2016
141510235,SMA-12-IPS3-2016
141510236,SMA-12-IPS1-2016
141510237,SMA-12-IPS3-2016
141510238,SMA-12-IPS3-2016
141510239,SMA-12-IPS3-2016
141510240,SMA-12-IPS2-2016
141510241,SMA-12-IPS1-2016
141510242,SMA-12-IPS2-2016
141510243,SMA-12-IPS3-2016
141510244,SMA-12-IPS4-2016
141510245,SMA-12-IPS4-2016
141510246,SMA-12-IPS1-2016
141510247,SMA-12-IPA4-2016
141510248,SMA-12-IPA5-2016
141510249,SMA-12-IPS4-2016
141510250,SMA-12-IPS2-2016
141510251,SMA-12-IPS2-2016
141510252,SMA-12-IPS2-2016
141510253,SMA-12-IPS2-2016
141510254,SMA-12-IPS3-2016
141510255,SMA-12-IPA5-2016
141510256,SMA-12-IPS4-2016
141510257,SMA-12-IPA5-2016
141510259,SMA-11-IPS3-2016
141510260,SMA-12-IPS2-2016
141510261,SMA-12-IPA3-2016
141510262,SMA-12-IPS1-2016
141510263,SMA-12-IPA3-2016
141510264,SMA-12-IPS2-2016
141510265,SMA-12-IPA2-2016
141510266,SMA-12-IPS1-2016
141510268,SMA-12-IPS1-2016
141510269,SMA-12-IPS3-2016
141510270,SMA-12-IPS1-2016
141510271,SMA-12-IPS1-2016
141510272,SMA-12-IPS1-2016
141510273,SMA-12-IPS4-2016
141510274,SMA-12-IPA4-2016
141510275,SMA-12-IPS4-2016
141510276,SMA-12-IPS1-2016
141510277,SMA-12-IPS1-2016
141510278,SMA-12-IPS3-2016
141510279,SMA-12-IPS4-2016
141510280,SMA-12-IPS1-2016
141510281,SMA-12-IPS1-2016
141510282,SMA-12-IPS3-2016
141510283,SMA-12-IPS4-2016
141510284,SMA-12-IPS1-2016
141510285,SMA-12-IPS3-2016
141510286,SMA-12-IPS4-2016
141510289,SMA-12-IPS1-2016
141510291,SMA-12-IPS2-2016
141510292,SMA-12-IPS4-2016
141510293,SMA-12-IPS1-2016
141510294,SMA-12-IPS1-2016
141510295,SMA-12-IPS2-2016
141510296,SMA-12-IPS4-2016
141510297,SMA-12-IPS1-2016
141510298,SMA-11-IPS1-2016
141510299,SMA-12-IPS4-2016
141510300,SMA-12-IPS4-2016
141510301,SMA-12-IPS4-2016
141510302,SMA-12-IPS3-2016
141510303,SMA-12-IPS4-2016
141510307,SMA-12-IPS3-2016
141510308,SMA-12-IPS2-2016
141510309,SMA-12-IPS1-2016
141510310,SMA-12-IPS2-2016
141510311,SMA-12-IPS4-2016
141510312,SMA-12-IPS2-2016
141510313,SMA-12-IPS2-2016
141510314,SMA-12-IPS1-2016
141510315,SMA-12-IPS1-2016
141510316,SMA-12-IPS4-2016
141510317,SMA-12-IPS2-2016
141510318,SMA-12-IPS1-2016
141510320,SMA-12-IPS4-2016
141510323,SMA-12-IPS4-2016
141510324,SMA-12-IPS1-2016
141510325,SMA-12-IPS4-2016
141510326,SMA-12-IPS4-2016
141510327,SMA-12-IPS3-2016
141510328,SMA-12-IPS3-2016
141510330,SMA-12-IPS1-2016
141510332,SMA-12-IPS1-2016
141510333,SMA-12-IPS4-2016
141510334,SMA-12-IPS3-2016
141510335,SMA-12-IPS1-2016
141510336,SMA-12-IPS2-2016
141510337,SMA-12-IPS4-2016
141510338,SMA-12-IPS2-2016
141510340,SMA-12-IPS3-2016
141510342,SMA-12-IPS2-2016
141510343,SMA-12-IPS2-2016
141510345,SMA-12-IPS3-2016
141510346,SMA-12-IPS2-2016
141510347,SMA-12-IPS2-2016
141510349,SMA-12-IPS2-2016
141510350,SMA-12-IPS1-2016
141510351,SMA-12-IPS3-2016
141510352,SMA-12-IPS4-2016
141510353,SMA-12-IPS1-2016
141510354,SMA-12-IPS2-2016
141510355,SMA-11-IPS1-2016
141510356,SMA-12-IPS3-2016
141510357,SMA-12-IPS3-2016
141510358,SMA-12-IPS4-2016
141510359,SMA-12-IPS1-2016
141510360,SMA-12-IPS3-2016
141510362,SMA-12-IPS4-2016
141510363,SMA-12-IPS1-2016
141510364,SMA-12-IPS3-2016
141510365,SMA-12-IPS1-2016
141510365,SMA-12-IPS3-2016
141510369,SMA-12-IPS2-2016
141510370,SMA-12-IPS2-2016
141510372,SMA-12-IPS2-2016
141510373,SMA-12-IPS3-2016
141510374,SMA-12-IPS1-2016
141510375,SMA-12-IPS3-2016
141510376,SMA-12-IPS2-2016
141510379,SMA-12-IPS3-2016
141510380,SMA-12-IPS4-2016
141510384,SMA-12-IPS4-2016
141510385,SMA-12-IPS1-2016
141510386,SMA-12-IPS3-2016
141510387,SMA-12-IPS4-2016
141510388,SMA-12-IPS2-2016
141510392,SMA-12-IPS4-2016
141510393,SMA-12-IPS4-2016
141510394,SMA-12-IPS2-2016
141510395,SMA-12-IPS4-2016
141510396,SMA-12-IPS2-2016
141510397,SMA-12-IPS4-2016
141510398,SMA-12-IPS3-2016
151610001,SMA-11-IPA2-2016
151610002,SMA-11-IPA3-2016
151610003,SMA-11-IPA5-2016
151610004,SMA-11-IPA4-2016
151610005,SMA-11-IPA3-2016
151610006,SMA-11-IPA5-2016
151610007,SMA-11-IPA5-2016
151610008,SMA-11-IPA3-2016
151610009,SMA-11-IPA4-2016
151610010,SMA-11-IPA4-2016
151610011,SMA-11-IPA2-2016
151610012,SMA-11-IPA4-2016
151610013,SMA-11-IPA5-2016
151610015,SMA-11-IPA2-2016
151610016,SMA-11-IPA5-2016
151610017,SMA-11-IPA4-2016
151610018,SMA-11-IPA4-2016
151610019,SMA-11-IPA2-2016
151610020,SMA-11-IPA4-2016
151610021,SMA-11-IPS2-2016
151610022,SMA-11-IPA4-2016
151610024,SMA-11-IPS2-2016
151610027,SMA-11-IPA4-2016
151610028,SMA-11-IPA5-2016
151610029,SMA-11-IPA4-2016
151610030,SMA-11-IPA1-2016
151610031,SMA-11-IPA4-2016
151610032,SMA-11-IPA1-2016
151610033,SMA-11-IPS3-2016
151610034,SMA-11-IPS2-2016
151610035,SMA-11-IPA1-2016
151610036,SMA-11-IPA4-2016
151610037,SMA-11-IPA4-2016
151610038,SMA-11-IPA1-2016
151610039,SMA-11-IPA1-2016
151610040,SMA-11-IPA1-2016
151610041,SMA-11-IPA3-2016
151610042,SMA-11-IPS3-2016
151610043,SMA-11-IPA5-2016
151610044,SMA-11-IPA2-2016
151610045,SMA-11-IPA1-2016
151610046,SMA-11-IPS1-2016
151610047,SMA-11-IPA3-2016
151610048,SMA-11-IPA2-2016
151610049,SMA-11-IPS1-2016
151610051,SMA-11-IPA5-2016
151610052,SMA-11-IPA1-2016
151610053,SMA-11-IPA2-2016
151610054,SMA-11-IPS3-2016
151610055,SMA-11-IPA2-2016
151610056,SMA-11-IPA4-2016
151610058,SMA-11-IPA1-2016
151610059,SMA-11-IPA1-2016
151610061,SMA-11-IPS1-2016
151610062,SMA-11-IPA4-2016
151610063,SMA-11-IPS2-2016
151610064,SMA-11-IPA3-2016
151610065,SMA-11-IPA5-2016
151610068,SMA-11-IPS2-2016
151610069,SMA-11-IPA1-2016
151610070,SMA-11-IPA3-2016
151610071,SMA-11-IPS3-2016
151610072,SMA-11-IPA3-2016
151610073,SMA-11-IPA4-2016
151610074,SMA-11-IPS3-2016
151610075,SMA-11-IPA2-2016
151610076,SMA-11-IPS3-2016
151610077,SMA-11-IPS2-2016
151610079,SMA-11-IPA1-2016
151610080,SMA-11-IPS1-2016
151610081,SMA-11-IPS1-2016
151610082,SMA-11-IPA4-2016
151610083,SMA-11-IPA4-2016
151610084,SMA-11-IPA3-2016
151610085,SMA-11-IPS2-2016
151610086,SMA-11-IPS3-2016
151610088,SMA-11-IPA5-2016
151610089,SMA-11-IPA2-2016
151610090,SMA-11-IPA4-2016
151610091,SMA-11-IPA5-2016
151610092,SMA-11-IPS3-2016
151610093,SMA-11-IPA3-2016
151610094,SMA-11-IPA3-2016
151610095,SMA-11-IPA3-2016
151610096,SMA-11-IPA1-2016
151610097,SMA-11-IPS3-2016
151610098,SMA-11-IPA5-2016
151610099,SMA-11-IPS3-2016
151610100,SMA-11-IPS1-2016
151610101,SMA-11-IPS2-2016
151610102,SMA-11-IPA4-2016
151610103,SMA-11-IPS1-2016
151610104,SMA-11-IPS2-2016
151610105,SMA-11-IPA2-2016
151610106,SMA-11-IPA4-2016
151610107,SMA-11-IPS2-2016
151610108,SMA-11-IPA5-2016
151610109,SMA-11-IPS1-2016
151610110,SMA-11-IPA1-2016
151610111,SMA-11-IPS3-2016
151610112,SMA-11-IPA1-2016
151610113,SMA-11-IPA3-2016
151610114,SMA-11-IPA2-2016
151610115,SMA-11-IPA3-2016
151610116,SMA-11-IPA1-2016
151610117,SMA-11-IPA3-2016
151610118,SMA-11-IPA2-2016
151610119,SMA-11-IPS1-2016
151610120,SMA-11-IPA5-2016
151610121,SMA-11-IPA5-2016
151610122,SMA-11-IPA1-2016
151610123,SMA-11-IPA5-2016
151610125,SMA-11-IPS3-2016
151610126,SMA-11-IPA4-2016
151610127,SMA-11-IPA4-2016
151610128,SMA-11-IPS1-2016
151610129,SMA-11-IPA2-2016
151610130,SMA-11-IPA5-2016
151610131,SMA-11-IPS1-2016
151610132,SMA-11-IPS1-2016
151610133,SMA-11-IPA5-2016
151610134,SMA-11-IPS1-2016
151610135,SMA-11-IPS2-2016
151610136,SMA-11-IPA1-2016
151610137,SMA-11-IPS2-2016
151610138,SMA-11-IPS3-2016
151610139,SMA-11-IPA4-2016
151610140,SMA-11-IPA3-2016
151610141,SMA-11-IPA5-2016
151610142,SMA-11-IPA4-2016
151610143,SMA-11-IPA2-2016
151610144,SMA-11-IPA2-2016
151610145,SMA-11-IPA1-2016
151610146,SMA-11-IPS1-2016
151610147,SMA-11-IPA2-2016
151610148,SMA-11-IPS1-2016
151610149,SMA-11-IPS2-2016
151610150,SMA-11-IPA5-2016
151610151,SMA-11-IPS3-2016
151610152,SMA-11-IPA3-2016
151610153,SMA-11-IPA3-2016
151610154,SMA-11-IPS2-2016
151610155,SMA-11-IPA1-2016
151610156,SMA-11-IPS2-2016
151610157,SMA-11-IPS3-2016
151610158,SMA-11-IPS2-2016
151610159,SMA-11-IPS2-2016
151610160,SMA-11-IPS1-2016
151610161,SMA-11-IPA3-2016
151610163,SMA-11-IPA5-2016
151610164,SMA-11-IPS3-2016
151610165,SMA-11-IPA2-2016
151610166,SMA-11-IPS3-2016
151610167,SMA-11-IPA3-2016
151610168,SMA-11-IPA5-2016
151610169,SMA-11-IPA5-2016
151610170,SMA-11-IPS2-2016
151610171,SMA-11-IPA3-2016
151610172,SMA-11-IPA2-2016
151610173,SMA-11-IPA1-2016
151610174,SMA-11-IPA3-2016
151610175,SMA-11-IPA4-2016
151610176,SMA-11-IPS1-2016
151610177,SMA-11-IPA5-2016
151610178,SMA-11-IPS2-2016
151610179,SMA-11-IPA3-2016
151610180,SMA-11-IPA1-2016
151610181,SMA-11-IPA3-2016
151610182,SMA-11-IPA4-2016
151610183,SMA-11-IPA1-2016
151610184,SMA-11-IPA3-2016
151610186,SMA-11-IPS2-2016
151610188,SMA-11-IPA5-2016
151610189,SMA-11-IPA5-2016
151610190,SMA-11-IPA1-2016
151610191,SMA-11-IPA1-2016
151610192,SMA-11-IPS3-2016
151610193,SMA-11-IPS1-2016
151610194,SMA-11-IPS2-2016
151610195,SMA-11-IPA1-2016
151610196,SMA-11-IPA5-2016
151610197,SMA-11-IPS2-2016
151610198,SMA-11-IPS3-2016
151610199,SMA-11-IPS3-2016
151610200,SMA-11-IPS1-2016
151610201,SMA-11-IPS1-2016
151610202,SMA-11-IPA1-2016
151610203,SMA-11-IPS2-2016
151610205,SMA-11-IPS3-2016
151610206,SMA-11-IPA4-2016
151610207,SMA-11-IPA2-2016
151610208,SMA-11-IPA4-2016
151610209,SMA-11-IPA4-2016
151610210,SMA-11-IPA2-2016
151610211,SMA-11-IPA1-2016
151610212,SMA-11-IPA4-2016
151610213,SMA-11-IPA1-2016
151610214,SMA-11-IPA5-2016
151610215,SMA-11-IPA1-2016
151610216,SMA-11-IPA3-2016
151610217,SMA-11-IPA3-2016
151610218,SMA-11-IPA4-2016
151610219,SMA-11-IPA2-2016
151610220,SMA-11-IPS1-2016
151610221,SMA-11-IPS2-2016
151610222,SMA-11-IPA2-2016
151610223,SMA-11-IPA2-2016
151610224,SMA-11-IPA3-2016
151610225,SMA-11-IPA1-2016
151610226,SMA-11-IPA2-2016
151610227,SMA-11-IPS1-2016
151610228,SMA-11-IPA3-2016
151610230,SMA-11-IPS3-2016
151610231,SMA-11-IPS3-2016
151610232,SMA-11-IPS3-2016
151610233,SMA-11-IPS1-2016
151610234,SMA-11-IPS3-2016
151610235,SMA-11-IPS2-2016
151610236,SMA-11-IPA3-2016
151610237,SMA-11-IPS1-2016
151610238,SMA-11-IPA2-2016
151610239,SMA-11-IPA2-2016
151610240,SMA-11-IPS1-2016
151610241,SMA-11-IPA1-2016
151610242,SMA-11-IPA3-2016
151610243,SMA-11-IPA5-2016
151610244,SMA-11-IPS3-2016
151610245,SMA-11-IPS2-2016
151610246,SMA-11-IPS3-2016
151610247,SMA-11-IPS2-2016
151610248,SMA-11-IPA1-2016
151610249,SMA-11-IPA3-2016
151610250,SMA-11-IPA5-2016
151610251,SMA-11-IPS1-2016
151610252,SMA-11-IPA1-2016
151610253,SMA-11-IPS3-2016
151610254,SMA-11-IPA2-2016
151610255,SMA-11-IPA5-2016
151610256,SMA-11-IPA3-2016
151610257,SMA-11-IPA2-2016
151610258,SMA-11-IPS1-2016
151610259,SMA-11-IPS3-2016
151610260,SMA-11-IPA1-2016
151610261,SMA-11-IPS1-2016
151610262,SMA-11-IPA2-2016
151610263,SMA-11-IPS3-2016
151610264,SMA-11-IPA4-2016
151610265,SMA-11-IPA2-2016
151610267,SMA-11-IPA1-2016
151610268,SMA-11-IPS2-2016
151610269,SMA-11-IPS1-2016
151610270,SMA-11-IPS3-2016
151610271,SMA-11-IPS2-2016
151610272,SMA-11-IPA3-2016
151610273,SMA-11-IPS1-2016
151610274,SMA-11-IPS2-2016
151610275,SMA-11-IPS3-2016
151610276,SMA-11-IPS1-2016
151610277,SMA-11-IPS1-2016
151610278,SMA-11-IPS1-2016
151610279,SMA-11-IPS3-2016
151610280,SMA-11-IPA5-2016
151610281,SMA-11-IPA2-2016
151610282,SMA-11-IPA3-2016
151610283,SMA-11-IPA4-2016
151610285,SMA-11-IPS2-2016
151610286,SMA-11-IPA4-2016
151610287,SMA-11-IPS1-2016
151610288,SMA-11-IPA5-2016
151610289,SMA-11-IPA4-2016
151610290,SMA-11-IPS1-2016
151610291,SMA-11-IPS1-2016
151610292,SMA-11-IPS2-2016
151610293,SMA-11-IPA5-2016
151610294,SMA-11-IPA2-2016
151610295,SMA-11-IPS3-2016
151610296,SMA-11-IPA2-2016
151610297,SMA-11-IPA2-2016
151610298,SMA-11-IPS1-2016
151610299,SMA-11-IPS2-2016
151610300,SMA-11-IPS1-2016
151610301,SMA-11-IPS2-2016
151610302,SMA-11-IPS1-2016
151610303,SMA-11-IPS3-2016
151610304,SMA-11-IPA2-2016
151610305,SMA-11-IPA3-2016
151610306,SMA-11-IPS2-2016
151610307,SMA-11-IPA1-2016
151610308,SMA-11-IPA2-2016
151610309,SMA-11-IPA3-2016
151610310,SMA-11-IPS2-2016
151610311,SMA-11-IPS2-2016
151610312,SMA-11-IPA5-2016
151610313,SMA-11-IPA5-2016
151610314,SMA-11-IPA4-2016
151610315,SMA-11-IPA1-2016
151610316,SMA-11-IPS1-2016
151610317,SMA-11-IPA5-2016
151610318,SMA-11-IPA3-2016
151610319,SMA-11-IPA4-2016
151610320,SMA-11-IPA2-2016
151610321,SMA-11-IPA1-2016
151610322,SMA-11-IPS2-2016
151610323,SMA-11-IPS2-2016
151610324,SMA-11-IPS2-2016
151610326,SMA-11-IPS3-2016
151610328,SMA-11-IPS3-2016
151610329,SMA-11-IPS3-2016
151610331,SMA-11-IPS3-2016
151610332,SMA-11-IPS2-2016
151610333,SMA-11-IPS2-2016
151610334,SMA-11-IPA5-2016
151610337,SMA-11-IPS3-2016
151610339,SMA-11-IPA2-2016
151610340,SMA-11-IPS2-2016
151611335,SMA-12-IPS2-2016
151611338,SMA-12-IPA3-2016
1415.10.001,SMK-12-TKJ1-2016
1415.10.002,SMK-12-TKJ1-2016
1415.10.003,SMK-12-TKJ1-2016
1415.10.004,SMK-12-TKJ1-2016
1415.10.005,SMK-12-TKJ1-2016
1415.10.006,SMK-12-TKJ1-2016
1415.10.007,SMK-12-TKJ1-2016
1415.10.008,SMK-12-TKJ1-2016
1415.10.009,SMK-12-TKJ1-2016
1415.10.010,SMK-12-TKJ1-2016
1415.10.011,SMK-12-TKJ1-2016
1415.10.014,SMK-12-TKJ1-2016
1415.10.015,SMK-12-TKJ1-2016
1415.10.016,SMK-12-TKJ1-2016
1415.10.017,SMK-12-TKJ1-2016
1415.10.018,SMK-11-TKJ1-2016
1415.10.019,SMK-12-TKJ1-2016
1415.10.022,SMK-12-TKJ1-2016
1415.10.023,SMK-12-TKJ1-2016
1415.10.024,SMK-12-TKJ1-2016
1415.10.025,SMK-12-TKJ1-2016
1415.10.026,SMK-12-TKJ1-2016
1415.10.027,SMK-12-TKJ1-2016
1415.10.032,SMK-12-TKJ1-2016
1415.10.035,SMK-12-TKJ1-2016
1415.10.036,SMK-12-TKJ1-2016
1415.10.038,SMK-12-PVT1-2016
1415.10.039,SMK-12-PVT1-2016
1415.10.040,SMK-12-PVT1-2016
1415.10.041,SMK-12-PVT1-2016
1415.10.042,SMK-12-PVT1-2016
1415.10.043,SMK-12-PVT1-2016
1415.10.044,SMK-12-PVT1-2016
1415.10.046,SMK-12-PVT1-2016
1415.10.047,SMK-12-PVT1-2016
1415.10.048,SMK-12-PVT1-2016
1415.10.050,SMK-12-PVT1-2016
1415.10.051,SMK-12-PVT1-2016
1415.10.052,SMK-12-PVT1-2016
1415.10.054,SMK-12-PVT1-2016
1415.10.055,SMK-12-PVT1-2016
1415.10.056,SMK-12-PVT1-2016
1415.10.057,SMK-12-PVT1-2016
1415.10.058,SMK-12-PVT1-2016
1415.10.059,SMK-12-PVT1-2016
1415.10.060,SMK-12-PVT1-2016
1415.10.061,SMK-12-PVT1-2016
1415.10.062,SMK-12-PVT1-2016
1415.10.063,SMK-12-PVT1-2016
1415.10.064,SMK-12-PVT1-2016
1415.10.065,SMK-12-PVT1-2016
1415.10.066,SMK-12-PVT1-2016
1415.10.067,SMK-12-PVT1-2016
1415.10.068,SMK-12-PVT1-2016
1415.10.069,SMK-12-PVT1-2016
1415.10.071,SMK-12-PVT1-2016
1415.10.072,SMK-12-PVT1-2016
1415.10.073,SMK-12-PVT1-2016
1415.10.074,SMK-12-PVT1-2016
1415.7.001,SMP-9-1-2016
1415.7.002,SMP-9-1-2016
1415.7.004,SMP-9-1-2016
1415.7.005,SMP-9-1-2016
1415.7.007,SMP-9-1-2016
1415.7.008,SMP-9-1-2016
1415.7.011,SMP-9-1-2016
1415.7.013,SMP-9-1-2016
1415.7.014,SMP-9-1-2016
1415.7.016,SMP-9-1-2016
1415.7.017,SMP-9-1-2016
1415.7.018,SMP-9-1-2016
1415.7.019,SMP-9-1-2016
1415.7.020,SMP-9-1-2016
1415.7.022,SMP-9-1-2016
1415.7.024,SMP-9-1-2016
1415.7.025,SMP-9-1-2016
1415.7.029,SMP-9-1-2016
1415.7.030,SMP-9-1-2016
1415.7.031,SMP-9-1-2016
1415.7.032,SMP-9-1-2016
1415.7.034,SMP-9-1-2016
1415.7.035,SMP-9-1-2016
1415.7.037,SMP-9-1-2016
1415.7.039,SMP-9-1-2016
1415.7.040,SMP-9-1-2016
1415.7.041,SMP-9-1-2016
1415.7.042,SMP-9-1-2016
1415.7.044,SMP-9-1-2016
1415.7.045,SMP-9-2-2016
1415.7.046,SMP-9-2-2016
1415.7.047,SMP-9-2-2016
1415.7.048,SMP-9-2-2016
1415.7.051,SMP-9-2-2016
1415.7.052,SMP-9-2-2016
1415.7.053,SMP-9-2-2016
1415.7.054,SMP-9-2-2016
1415.7.055,SMP-9-2-2016
1415.7.056,SMP-9-2-2016
1415.7.057,SMP-9-2-2016
1415.7.058,SMP-9-2-2016
1415.7.059,SMP-9-2-2016
1415.7.061,SMP-9-2-2016
1415.7.062,SMP-9-2-2016
1415.7.063,SMP-9-2-2016
1415.7.064,SMP-9-2-2016
1415.7.065,SMP-9-2-2016
1415.7.067,SMP-9-2-2016
1415.7.068,SMP-9-2-2016
1415.7.069,SMP-9-2-2016
1415.7.070,SMP-9-2-2016
1415.7.071,SMP-9-2-2016
1415.7.072,SMP-9-2-2016
1415.7.073,SMP-9-2-2016
1415.7.074,SMP-9-2-2016
1415.7.075,SMP-9-2-2016
1415.7.076,SMP-9-2-2016
1415.7.077,SMP-9-2-2016
1415.7.078,SMP-9-2-2016
1415.7.079,SMP-9-2-2016
1415.7.080,SMP-9-2-2016
1415.7.081,SMP-9-2-2016
1415.7.082,SMP-9-2-2016
1415.7.084,SMP-9-2-2016
1415.7.085,SMP-9-2-2016
1415.7.086,SMP-9-2-2016
1415.7.087,SMP-9-2-2016
1415.7.088,SMP-9-3-2016
1415.7.089,SMP-9-3-2016
1415.7.090,SMP-9-3-2016
1415.7.091,SMP-9-1-2016
1415.7.092,SMP-9-3-2016
1415.7.093,SMP-9-3-2016
1415.7.095,SMP-9-3-2016
1415.7.096,SMP-9-3-2016
1415.7.097,SMP-9-3-2016
1415.7.098,SMP-9-3-2016
1415.7.099,SMP-9-3-2016
1415.7.100,SMP-9-3-2016
1415.7.101,SMP-9-3-2016
1415.7.102,SMP-9-3-2016
1415.7.103,SMP-9-3-2016
1415.7.104,SMP-9-3-2016
1415.7.105,SMP-9-3-2016
1415.7.106,SMP-9-3-2016
1415.7.108,SMP-9-3-2016
1415.7.109,SMP-9-3-2016
1415.7.110,SMP-9-3-2016
1415.7.111,SMP-9-3-2016
1415.7.112,SMP-9-3-2016
1415.7.113,SMP-9-3-2016
1415.7.114,SMP-9-3-2016
1415.7.115,SMP-9-3-2016
1415.7.116,SMP-9-3-2016
1415.7.117,SMP-9-3-2016
1415.7.118,SMP-9-3-2016
1415.7.119,SMP-9-3-2016
1415.7.120,SMP-9-3-2016
1415.7.121,SMP-9-3-2016
1415.7.122,SMP-9-3-2016
1415.7.124,SMP-9-3-2016
1415.7.126,SMP-9-3-2016
1415.7.127,SMP-9-3-2016
1415.7.128,SMP-9-3-2016
1415.7.129,SMP-9-3-2016
1415.7.130,SMP-9-3-2016
1415.7.131,SMP-9-3-2016
1415.7.132,SMP-9-4-2016
1415.7.133,SMP-9-4-2016
1415.7.134,SMP-9-4-2016
1415.7.135,SMP-9-4-2016
1415.7.136,SMP-9-4-2016
1415.7.137,SMP-9-4-2016
1415.7.138,SMP-9-4-2016
1415.7.139,SMP-9-4-2016
1415.7.140,SMP-9-1-2016
1415.7.141,SMP-9-4-2016
1415.7.142,SMP-9-4-2016
1415.7.144,SMP-9-4-2016
1415.7.145,SMP-9-4-2016
1415.7.146,SMP-9-4-2016
1415.7.147,SMP-9-4-2016
1415.7.149,SMP-9-4-2016
1415.7.150,SMP-9-4-2016
1415.7.151,SMP-9-4-2016
1415.7.152,SMP-9-4-2016
1415.7.153,SMP-9-4-2016
1415.7.154,SMP-9-4-2016
1415.7.155,SMP-9-4-2016
1415.7.156,SMP-9-4-2016
1415.7.157,SMP-9-4-2016
1415.7.158,SMP-9-4-2016
1415.7.159,SMP-9-4-2016
1415.7.160,SMP-8-3-2016
1415.7.161,SMP-9-4-2016
1415.7.162,SMP-9-4-2016
1415.7.163,SMP-9-4-2016
1415.7.164,SMP-9-4-2016
1415.7.165,SMP-9-4-2016
1415.7.166,SMP-9-4-2016
1415.7.167,SMP-9-4-2016
1415.7.168,SMP-9-4-2016
1415.7.169,SMP-9-4-2016
1415.7.170,SMP-9-4-2016
1415.7.171,SMP-9-4-2016
1415.7.172,SMP-9-4-2016
1415.7.173,SMP-9-4-2016
1415.7.174,SMP-9-4-2016
1415.7.175,SMP-9-4-2016
1415.7.176,SMP-8-2-2016
1415.7.177,SMP-9-5-2016
1415.7.178,SMP-9-5-2016
1415.7.179,SMP-9-5-2016
1415.7.180,SMP-9-5-2016
1415.7.181,SMP-9-5-2016
1415.7.182,SMP-9-5-2016
1415.7.184,SMP-9-5-2016
1415.7.185,SMP-9-5-2016
1415.7.186,SMP-9-5-2016
1415.7.187,SMP-9-5-2016
1415.7.189,SMP-9-5-2016
1415.7.190,SMP-9-5-2016
1415.7.191,SMP-9-5-2016
1415.7.192,SMP-9-5-2016
1415.7.194,SMP-9-5-2016
1415.7.195,SMP-9-5-2016
1415.7.196,SMP-9-5-2016
1415.7.198,SMP-9-5-2016
1415.7.199,SMP-9-5-2016
1415.7.200,SMP-9-5-2016
1415.7.201,SMP-9-5-2016
1415.7.202,SMP-9-5-2016
1415.7.203,SMP-9-5-2016
1415.7.204,SMP-9-5-2016
1415.7.205,SMP-9-5-2016
1415.7.206,SMP-9-5-2016
1415.7.207,SMP-9-5-2016
1415.7.208,SMP-9-5-2016
1415.7.209,SMP-9-5-2016
1415.7.210,SMP-9-5-2016
1415.7.211,SMP-9-5-2016
1415.7.212,SMP-9-5-2016
1415.7.213,SMP-9-5-2016
1415.7.214,SMP-9-5-2016
1415.7.215,SMP-9-5-2016
1415.7.217,SMP-9-5-2016
1415.7.218,SMP-9-5-2016
1415.7.219,SMP-9-5-2016
1415.7.220,SMP-9-1-2016
1516.10.001,SMK-11-TKJ1-2016
1516.10.002,SMK-11-TKJ1-2016
1516.10.003,SMK-11-TKJ1-2016
1516.10.004,SMK-11-TKJ1-2016
1516.10.005,SMK-11-TKJ1-2016
1516.10.006,SMK-11-TKJ1-2016
1516.10.007,SMK-11-TKJ1-2016
1516.10.008,SMK-11-TKJ1-2016
1516.10.009,SMK-11-TKJ1-2016
1516.10.010,SMK-11-TKJ1-2016
1516.10.011,SMK-11-TKJ1-2016
1516.10.012,SMK-11-TKJ1-2016
1516.10.013,SMK-11-TKJ1-2016
1516.10.014,SMK-11-TKJ1-2016
1516.10.015,SMK-11-TKJ1-2016
1516.10.016,SMK-11-TKJ1-2016
1516.10.017,SMK-11-TKJ1-2016
1516.10.018,SMK-11-TKJ1-2016
1516.10.019,SMK-11-TKJ1-2016
1516.10.020,SMK-11-TKJ1-2016
1516.10.021,SMK-11-TKJ1-2016
1516.10.022,SMK-11-TKJ1-2016
1516.10.024,SMK-11-TKJ1-2016
1516.10.025,SMK-11-TKJ1-2016
1516.10.027,SMK-11-TKJ1-2016
1516.10.028,SMK-11-TKJ1-2016
1516.10.029,SMK-11-TKJ1-2016
1516.10.030,SMK-11-TKJ1-2016
1516.10.031,SMK-11-TKJ1-2016
1516.10.032,SMK-11-TKJ1-2016
1516.10.033,SMK-11-TKJ1-2016
1516.10.034,SMK-11-TKJ1-2016
1516.10.036,SMK-11-TKJ1-2016
1516.10.037,SMK-11-PVT1-2016
1516.10.038,SMK-11-PVT1-2016
1516.10.039,SMK-11-PVT1-2016
1516.10.040,SMK-11-PVT1-2016
1516.10.041,SMK-11-PVT1-2016
1516.10.042,SMK-11-PVT1-2016
1516.10.043,SMK-11-PVT1-2016
1516.10.044,SMK-11-PVT1-2016
1516.10.045,SMK-11-PVT1-2016
1516.10.046,SMK-11-PVT1-2016
1516.10.047,SMK-11-PVT1-2016
1516.10.048,SMK-11-PVT1-2016
1516.10.049,SMK-11-PVT1-2016
1516.10.050,SMK-11-PVT1-2016
1516.10.051,SMK-11-PVT1-2016
1516.10.052,SMK-11-PVT1-2016
1516.10.053,SMK-11-PVT1-2016
1516.10.054,SMK-11-PVT1-2016
1516.10.055,SMK-11-PVT1-2016
1516.10.056,SMK-11-PVT1-2016
1516.10.057,SMK-11-PVT1-2016
1516.10.058,SMK-11-PVT1-2016
1516.10.059,SMK-11-PVT1-2016
1516.10.060,SMK-11-PVT1-2016
1516.10.061,SMK-11-PVT1-2016
1516.10.062,SMK-11-PVT1-2016
1516.10.063,SMK-11-PVT1-2016
1516.10.064,SMK-11-PVT1-2016
1516.10.065,SMK-11-PVT1-2016
1516.10.066,SMK-11-PVT1-2016
1516.10.067,SMK-11-PVT1-2016
1516.10.068,SMK-11-PVT1-2016
1516.10.069,SMK-11-PVT1-2016
1516.10.070,SMK-11-PVT1-2016
1516.10.071,SMK-11-PVT1-2016
1516.10.072,SMK-11-PVT1-2016
1516.10.073,SMK-11-PVT1-2016
1516.10.074,SMK-11-PVT1-2016
1516.10.075,SMK-11-PVT1-2016
1516.10.076,SMK-11-MM1-2016
1516.10.077,SMK-11-MM1-2016
1516.10.078,SMK-11-MM1-2016
1516.10.079,SMK-11-MM1-2016
1516.10.080,SMK-11-MM1-2016
1516.10.081,SMK-11-MM1-2016
1516.10.082,SMK-11-MM1-2016
1516.10.083,SMK-11-MM1-2016
1516.10.084,SMK-11-MM1-2016
1516.10.085,SMK-11-MM1-2016
1516.10.086,SMK-11-MM1-2016
1516.10.087,SMK-11-MM1-2016
1516.10.088,SMK-11-MM1-2016
1516.10.090,SMK-11-MM1-2016
1516.10.091,SMK-11-MM1-2016
1516.10.092,SMK-11-MM1-2016
1516.10.094,SMK-11-MM1-2016
1516.10.095,SMK-11-MM1-2016
1516.10.097,SMK-11-MM1-2016
1516.10.098,SMK-11-MM1-2016
1516.10.099,SMK-11-MM1-2016
1516.10.100,SMK-11-MM1-2016
1516.10.101,SMK-11-MM1-2016
1516.10.103,SMK-11-MM1-2016
1516.10.104,SMK-11-MM1-2016
1516.10.106,SMK-11-MM1-2016
1516.10.107,SMK-11-MM1-2016
1516.10.108,SMK-11-MM1-2016
1516.10.109,SMK-11-MM1-2016
1516.10.110,SMK-11-MM1-2016
1516.10.111,SMK-11-MM1-2016
1516.10.116,SMK-11-TKJ1-2016
1516.11.112,SMK-12-TKJ1-2016
1516.11.113,SMK-12-PVT1-2016
1516.7.001,SMP-8-2-2016
1516.7.002,SMP-8-1-2016
1516.7.003,SMP-8-1-2016
1516.7.004,SMP-8-3-2016
1516.7.005,SMP-8-4-2016
1516.7.006,SMP-8-2-2016
1516.7.007,SMP-8-2-2016
1516.7.008,SMP-8-3-2016
1516.7.009,SMP-8-1-2016
1516.7.010,SMP-8-4-2016
1516.7.011,SMP-8-3-2016
1516.7.012,SMP-8-2-2016
1516.7.013,SMP-8-3-2016
1516.7.014,SMP-8-4-2016
1516.7.015,SMP-8-1-2016
1516.7.016,SMP-8-4-2016
1516.7.017,SMP-8-1-2016
1516.7.018,SMP-8-3-2016
1516.7.019,SMP-8-2-2016
1516.7.020,SMP-8-3-2016
1516.7.021,SMP-8-4-2016
1516.7.022,SMP-8-1-2016
1516.7.023,SMP-8-2-2016
1516.7.024,SMP-8-3-2016
1516.7.025,SMP-8-4-2016
1516.7.026,SMP-8-2-2016
1516.7.027,SMP-8-1-2016
1516.7.029,SMP-8-4-2016
1516.7.030,SMP-8-1-2016
1516.7.031,SMP-8-2-2016
1516.7.032,SMP-8-2-2016
1516.7.033,SMP-8-3-2016
1516.7.034,SMP-8-3-2016
1516.7.036,SMP-8-4-2016
1516.7.037,SMP-8-4-2016
1516.7.038,SMP-8-1-2016
1516.7.039,SMP-8-2-2016
1516.7.040,SMP-8-1-2016
1516.7.041,SMP-8-3-2016
1516.7.042,SMP-8-2-2016
1516.7.043,SMP-8-4-2016
1516.7.044,SMP-8-3-2016
1516.7.045,SMP-8-1-2016
1516.7.046,SMP-8-2-2016
1516.7.047,SMP-8-3-2016
1516.7.048,SMP-8-4-2016
1516.7.049,SMP-8-2-2016
1516.7.050,SMP-8-1-2016
1516.7.051,SMP-8-2-2016
1516.7.052,SMP-8-3-2016
1516.7.053,SMP-8-4-2016
1516.7.054,SMP-8-1-2016
1516.7.055,SMP-8-2-2016
1516.7.056,SMP-8-3-2016
1516.7.057,SMP-8-4-2016
1516.7.058,SMP-8-4-2016
1516.7.059,SMP-8-1-2016
1516.7.061,SMP-8-2-2016
1516.7.062,SMP-8-1-2016
1516.7.063,SMP-8-3-2016
1516.7.064,SMP-8-3-2016
1516.7.065,SMP-8-4-2016
1516.7.066,SMP-8-4-2016
1516.7.067,SMP-8-1-2016
1516.7.068,SMP-8-2-2016
1516.7.069,SMP-8-3-2016
1516.7.070,SMP-8-1-2016
1516.7.071,SMP-8-4-2016
1516.7.072,SMP-8-2-2016
1516.7.073,SMP-8-3-2016
1516.7.074,SMP-8-1-2016
1516.7.075,SMP-8-2-2016
1516.7.076,SMP-8-2-2016
1516.7.077,SMP-8-3-2016
1516.7.078,SMP-8-4-2016
1516.7.079,SMP-8-3-2016
1516.7.080,SMP-8-1-2016
1516.7.081,SMP-8-3-2016
1516.7.082,SMP-8-4-2016
1516.7.083,SMP-8-4-2016
1516.7.084,SMP-8-1-2016
1516.7.085,SMP-8-2-2016
1516.7.086,SMP-8-4-2016
1516.7.087,SMP-8-1-2016
1516.7.088,SMP-8-2-2016
1516.7.091,SMP-8-3-2016
1516.7.092,SMP-8-4-2016
1516.7.093,SMP-8-1-2016
1516.7.094,SMP-8-2-2016
1516.7.095,SMP-8-3-2016
1516.7.096,SMP-8-1-2016
1516.7.097,SMP-8-4-2016
1516.7.098,SMP-8-1-2016
1516.7.099,SMP-8-4-2016
1516.7.100,SMP-8-2-2016
1516.7.101,SMP-8-3-2016
1516.7.103,SMP-8-2-2016
1516.7.104,SMP-8-4-2016
1516.7.106,SMP-8-3-2016
1516.7.107,SMP-8-1-2016
1516.7.108,SMP-8-1-2016
1516.7.109,SMP-8-2-2016
1516.7.110,SMP-8-3-2016
1516.7.111,SMP-8-4-2016
1516.7.113,SMP-8-1-2016
1516.7.114,SMP-8-2-2016
1516.7.115,SMP-8-1-2016
1516.7.116,SMP-8-3-2016
1516.7.117,SMP-8-2-2016
1516.7.118,SMP-8-3-2016
1516.7.119,SMP-8-2-2016
1516.7.120,SMP-8-2-2016
1516.7.121,SMP-8-4-2016
1516.7.122,SMP-8-4-2016
1516.7.123,SMP-8-4-2016
1516.7.124,SMP-8-1-2016
1516.7.125,SMP-8-3-2016
1516.7.126,SMP-8-1-2016
1516.7.127,SMP-8-3-2016
1516.7.128,SMP-8-1-2016
1516.7.129,SMP-8-2-2016
1516.7.130,SMP-8-2-2016
1516.7.131,SMP-8-3-2016
1516.7.132,SMP-8-4-2016
1516.7.133,SMP-8-1-2016
1516.7.134,SMP-8-2-2016
1516.7.135,SMP-8-4-2016
1516.8.136,SMP-9-1-2016
1516.8.137,SMP-9-1-2016
1516.8.141,SMP-9-1-2016
1516.8.143,SMP-9-1-2016
1516.8.144,SMP-9-1-2016
